driverId,name,ssn,location,certified,wage-plan
10,Luis Brown,550-10-2090,"258 Natalie Club Suite 802
Whitechester, NV 07780",N,hours
11,William Flores,346-69-5674,"USS Johnson
FPO AP 98495",N,miles
12,Amber Holmes,358-78-8444,"1656 Reilly Springs Apt. 933
South Michelle, ME 49608",N,hours
13,Kevin Brown,160-12-8872,"5901 Robertson Forge Apt. 640
Taylorberg, HI 56024",N,hours
14,Stephen Tucker,881-89-7731,"3052 Fisher Vista
West Brenthaven, ID 58234",N,hours
15,Jeffrey Johnson,247-93-6931,"93793 Lang Plaza Suite 187
East Danielfort, VT 18503",N,miles
16,Dalton Weiss,053-99-4446,"314 Sanders Rapid
East Elizabethfurt, MP 95481",Y,hours
17,Robert Craig,268-24-0881,"8865 Delgado Dam Apt. 052
East Amanda, TX 28007",N,miles
18,Thomas Randall,526-23-8342,"1066 Jason Lake
Ericland, NV 36747",Y,miles
19,William Rodriguez,388-74-0036,"051 Hines Track
North Cherylville, PW 53102",N,miles
20,Mikayla Mullen,163-66-8339,"596 Nicole Stravenue Suite 761
East Margaret, AK 57637",N,hours
21,Gregory King,233-44-8278,"5122 Marcus Keys Suite 308
Donaldberg, AR 48249",N,miles
22,Karen Rogers,131-75-3921,"11963 Tiffany Springs Suite 847
Salazarborough, CA 35914",N,miles
23,Danielle Hunt,464-88-3875,"60115 William Canyon Apt. 002
North Jillian, CA 31242",Y,miles
24,Eric Howell,251-50-3984,"547 Kline Spring
Kaitlinshire, MP 27775",N,hours
25,Gregory Spence,144-77-9978,"3372 Brian Brook
Tylerchester, KY 29426",N,miles
26,Arthur Williams,159-28-6197,"0845 Kaitlyn Ridge Apt. 533
Ivanside, PW 39785",N,hours
27,Jason Pruitt,411-98-4413,"PSC 4692, Box 8241
APO AE 57448",N,hours
28,Daniel Robinson,733-49-5087,"13532 Clay Spur Apt. 891
Lambertside, KY 89024",N,miles
29,Sarah Miller,694-90-3768,"313 Nicole Fords
Jessicachester, FL 33608",N,miles
30,Audrey Davis,187-15-2377,"753 Walls Shores
Bradfordfort, AS 70838",N,hours
31,Erin Hall,756-89-3613,"20654 Roberson Rapid Suite 634
Blackwellton, MD 90760",N,miles
32,Andrew Walker,707-46-1462,"56756 Bernard Burg Apt. 678
New Christinafort, AL 62871",N,hours
33,David Schwartz,860-74-0971,"USNV Perez
FPO AP 72753",N,hours
34,Brianna Wright,116-77-6546,"5846 Bass Ways Suite 129
East Donna, CO 90217",N,miles
35,Heather Hogan,566-37-3368,"77078 Alan Villages
Aaronview, IL 31414",N,miles
36,Gina King,363-65-5824,"80565 Clarke Hollow Suite 650
Lake Susan, UT 29570",Y,miles
37,John Singh,769-09-0713,"25301 Rachel Valleys
South Robin, SC 50457",N,hours
38,Tara Young,688-88-8006,"91192 Newman Station Suite 632
West Kellyview, WA 44566",Y,miles
39,Amy Castillo,069-41-0524,"809 Warner Flats Suite 880
Perryberg, KY 66424",N,miles
40,Adam Cabrera,111-33-5132,"635 Christensen Drive Suite 435
Phillipsburgh, UT 29080",N,miles
41,Richard Fitzpatrick,833-68-1236,"00386 Taylor Flats Suite 120
West Sarafort, VT 04715",Y,hours
42,Carol Robinson,389-99-1459,"2368 Bethany Streets Apt. 767
Cookshire, LA 22846",Y,miles
43,Emily Watkins,160-48-8034,"605 Wilson Light Suite 003
Port Brandonhaven, KY 20490",N,miles
44,Rebekah Barajas,667-24-0306,"760 Sabrina Mountain Apt. 725
Manuelhaven, PA 44631",N,hours
45,Veronica Robles MD,395-81-4687,"0107 Lori Burgs Suite 606
Callahanton, IA 38228",N,hours
46,Robert Brown,386-66-5028,"38190 Phillip Springs Suite 338
Lake Katieview, CO 66421",Y,miles
47,Andrew Smith,708-88-8812,"USNS Cortez
FPO AP 33734",Y,miles
48,Justin Taylor,613-35-1676,"687 Christopher Branch Suite 704
Baileybury, KS 28538",N,hours
49,Zachary Shepherd,695-77-0041,"984 Jones Lakes Apt. 500
South Ryan, HI 38604",N,miles
50,Charles Watkins,714-98-1232,"50330 Andrew Spurs
West Joseph, MD 88989",N,miles
51,Ronald Rodriguez,653-54-7325,"USNV Baldwin
FPO AA 53895",N,miles
52,Kathryn Lin,511-57-2719,"81908 Owens Oval
Mcdonaldborough, WV 06415",Y,miles
53,Kristine Hill,062-51-8576,"784 Smith Forks Suite 493
Ashleyside, VT 91680",N,hours
54,Anthony Miller,346-29-8674,"554 Eaton Ways
North Nathan, OH 09145",N,miles
55,Kathryn Tanner MD,603-53-9661,"28274 Pham Lock
East Donaldton, FL 06858",N,miles
56,Jennifer Perez MD,774-04-0940,"52861 Bradford Plaza Suite 878
Kevinville, TX 33465",N,miles
57,Jennifer Smith,786-45-5523,"988 Roberto Islands Suite 843
Kennethmouth, CO 47631",Y,hours
58,Scott Barker,325-87-4460,"500 Jennifer Rapids
Martinfurt, CO 42239",N,hours
59,Margaret Morales,773-94-1610,"2672 Reed Station Suite 148
North Derek, AZ 52449",Y,miles
60,Aaron Navarro,059-09-4516,"0900 Rodney Center Apt. 025
Leslieview, KY 22535",Y,miles
61,Kathy Moore,753-68-0230,"8394 Jason Grove Apt. 962
Josephview, OH 80280",Y,hours
62,Emily Williams,149-93-7455,"PSC 1850, Box 9576
APO AP 05059",Y,hours
63,Nicholas Nguyen,632-14-2148,"955 White Course
Gambletown, NV 40856",N,miles
64,Edgar Castillo,756-49-2254,"12177 Sparks Squares Suite 210
East Christophermouth, ME 20101",N,miles
65,Jane Sullivan,265-48-5715,"697 Denise Brook
Lake Leslieside, DE 77226",N,hours
66,Andrea Cook,630-29-2190,"21523 Debbie Rapids Suite 528
Michaelfort, LA 31004",Y,miles
67,Erik Myers,884-89-2212,"53971 Carlson Pike
South Timothyshire, VA 99839",N,hours
68,Amy Frazier,892-96-8268,"5569 Coleman Cove Apt. 454
Avilastad, NH 13805",Y,hours
69,Taylor Drake,865-14-4148,"232 Brown Heights Apt. 383
Port Jamesberg, DC 11214",N,hours
70,Bonnie Stark,134-31-7865,"90991 Parks Station
Dianaville, MD 19665",N,hours
71,Nicolas Jackson,558-49-4943,"41719 Johnson Run
East Emily, GA 30322",N,miles
72,Gina Moore,400-71-6198,"360 Smith Square Suite 112
Alanfort, NV 69931",Y,miles
73,Shawn Chambers Jr.,120-25-1858,"Unit 0441 Box 0323
DPO AA 42858",N,hours
74,Mr. Shawn Love,389-02-6468,"PSC 6171, Box 1159
APO AE 17969",Y,hours
75,Nathan Berry,736-93-8564,"805 Smith Pine Apt. 688
Frankview, WI 42521",Y,hours
76,Eric White,045-42-5210,"252 Laura Spur
North Jamesview, PA 75147",Y,hours
77,Chad Ross,300-80-0131,"5735 Keith Parkways Apt. 033
West Brittanyview, MA 50718",N,hours
78,Amy Myers,438-95-1282,"PSC 5171, Box 1858
APO AP 33534",N,hours
79,Teresa King,279-88-0797,"79750 West Square
Velasquezhaven, NE 00919",N,miles
80,Craig Gonzalez,594-62-0498,"98621 Nathan Islands
Carpenterfurt, DC 69921",N,hours
81,Thomas Green,723-52-7847,"7789 Morales Trail
West Jasonview, VT 01400",N,hours
82,Stephen Hale,615-73-8416,"59837 Hartman Flat Suite 960
Charleneside, NH 05000",Y,miles
83,Shannon Brown,059-07-8731,"USS York
FPO AP 83200",N,hours
84,Catherine Shepard,427-33-7101,"484 Jackson Trafficway
Veronicamouth, WA 54157",Y,miles
85,Sarah Howard,414-14-7511,"527 Melissa Lane Suite 872
South Rachael, FM 03242",Y,miles
86,Jessica Winters,281-14-7404,"230 Mckee Square Apt. 838
Mayhaven, WI 30847",N,miles
87,David Scott,029-11-9026,"9719 Smith Forges
Annachester, ND 24255",Y,miles
88,Debra Pittman,533-90-6739,"974 Sally Manors Suite 282
Simpsonfort, MO 12448",Y,miles
89,Terry Morris,193-63-1998,"246 Lane Circle Suite 816
South Marcville, PW 97110",N,hours
90,Mr. David Mays,021-40-6155,"941 Ramirez Turnpike Suite 262
Rogerville, AK 44463",Y,hours
91,Alyssa Hardy,156-15-1623,"0165 Natasha Mountains Apt. 411
Schneidermouth, MH 27271",Y,hours
92,Luke Rodgers,741-29-0096,"7362 Alexandra Square Apt. 943
Serranohaven, ME 59761",Y,miles
93,Emily Wilson,429-57-5864,"022 Morales Plains Suite 328
Bakerville, CA 52941",N,hours
94,James Leonard,043-05-0109,"397 Nicholas Island
Jamesland, VT 81868",N,miles
95,Ian Hall,767-94-0032,"260 Sabrina Village Suite 494
Chelseahaven, VA 94571",Y,hours
96,Nancy Thompson,317-81-1548,"39010 Cunningham Rue
Lake Jessebury, SD 46346",Y,hours
97,Douglas Washington,480-80-1330,"7163 Patterson Shore Suite 902
North Andrewview, CO 81729",Y,miles
98,Michael Waller,283-09-7050,"0031 Davis Fall
Billyshire, OH 30362",Y,miles
99,Sherry Stout,132-62-8207,"582 Timothy Terrace
North Nicolemouth, OH 70039",Y,miles
100,Jason Deleon,208-39-9213,"19191 Johnson Spur Suite 004
West Sharon, RI 96598",N,hours
101,Mrs. Elizabeth Frazier,172-63-7546,"74508 Garrett Loaf Suite 261
Blakeborough, IL 92723",Y,miles
102,Kyle Ross,545-92-4051,"8556 Fritz Locks Suite 297
West Monicachester, AR 26943",Y,hours
103,Madison Burton,407-77-5053,"02642 Andrea Causeway Apt. 962
Jenniferport, MN 76711",Y,miles
104,Gabriela Andrews,226-81-8842,"372 Navarro Springs Suite 386
Kennethborough, CO 20094",N,hours
105,Dennis Smith,738-13-3950,"05166 Ferrell Mountain Suite 856
North Christopherbury, HI 52733",Y,miles
106,Brian Davis,136-79-3160,"134 Campbell Plaza Suite 053
Medinafort, WA 22805",Y,miles
107,Katherine Carter,316-72-9904,"5836 Salazar Path
East Lindsay, CO 33710",N,miles
108,Drew Evans,246-09-8657,"94524 Parker Centers
Ryanfurt, MH 95381",N,hours
109,Alexandra Johnston,607-41-7557,"048 Victoria Forks
South Karenshire, NM 16184",N,hours
